Designator,Mid X,Mid Y,Layer,Rotation,Package,Val
C1,-10.58,5.76,bottom,0,C_0402_1005Metric,100n
C2,-0.225,-3.38,bottom,0,C_0603_1608Metric,10u
C3,3.72,0.44,bottom,-90,C_0603_1608Metric,10u
C4,5.65,2.96,bottom,90,C_0603_1608Metric,10u
C5,2.18,1.27,bottom,-90,C_0402_1005Metric,100n
C6,1.04,1.48,bottom,-90,C_0402_1005Metric,100n
C7,1.81,-0.11,bottom,180,C_0402_1005Metric,100n
C8,-1.05,-2.19,bottom,0,C_0402_1005Metric,100n
C9,-1.04,-1.26,bottom,0,C_0402_1005Metric,100n
C10,-1.05,-0.22,bottom,0,C_0402_1005Metric,100n
C14,-21.29,1.72,bottom,90,C_0402_1005Metric,100n
C15,-13.19,2.56,bottom,180,C_0603_1608Metric,10u
C16,1.81,-1.72,bottom,0,C_0402_1005Metric,100n
C17,-2.17,1.28,bottom,-90,C_0402_1005Metric,100n
C20,-15.14,1.67,bottom,90,C_0402_1005Metric,100n
C21,1.38,3.16,bottom,0,C_0603_1608Metric,10u
C22,-4.69,4.81,bottom,180,C_0603_1608Metric,10u
C23,5.72,-0.795,bottom,90,C_0603_1608Metric,10u
C24,-1.22,2.69,bottom,90,C_0402_1005Metric,100n
C25,-2.21,3.1,bottom,-90,C_0402_1005Metric,100n
C26,7.36,-2.35,bottom,0,C_0402_1005Metric,100n
C27,3.32,2.88,bottom,90,C_0402_1005Metric,100n
C28,2.06,-3.13,bottom,-90,C_0402_1005Metric,100n
C29,0.11,1.5,bottom,-90,C_0402_1005Metric,100n
C30,-4.58,-3.14,bottom,-90,C_0603_1608Metric,10u
C31,-3.27,-3.59,bottom,-90,C_0402_1005Metric,100n
C32,-2.35,-3.58,bottom,-90,C_0402_1005Metric,100n
C35,-10.5,7.5,bottom,0,C_0402_1005Metric,100n
C44,-18.33,-11.67,bottom,180,C_0402_1005Metric,100n
C45,5.66,-11.35,bottom,0,C_0603_1608Metric,22u
C46,10.69,-1.8,bottom,0,C_0402_1005Metric,22n
C47,10.68,-3.26,bottom,0,C_0402_1005Metric,22n
C48,13.47,0.63,bottom,180,C_0402_1005Metric,22n
C49,13.65,-1.82,bottom,180,C_0402_1005Metric,22n
C50,16.8,-1.55,bottom,-90,C_0402_1005Metric,22n
C51,13.635,-3.29,bottom,180,C_0402_1005Metric,22n
C52,15.27,2.53,bottom,180,C_0402_1005Metric,22n
C53,16.46,0.66,bottom,0,C_0603_1608Metric,10u
C54,-29.21,3.33,bottom,90,C_0603_1608Metric,10u
C55,18.8,-0.26,bottom,90,C_0402_1005Metric,100n
C56,-19.34,1.32,bottom,90,C_0402_1005Metric,22p
C57,-17.58,2.42,bottom,90,C_0402_1005Metric,22p
C58,-14.62,6.35,bottom,-90,C_0402_1005Metric,6.8p
C68,15.77,-8.24,bottom,0,C_0402_1005Metric,100n
C69,23.79,4.52,bottom,180,C_0402_1005Metric,100n
C70,18.97,-8.23,bottom,0,C_0402_1005Metric,100n
C72,21.54,-8.68,bottom,-90,C_0402_1005Metric,100n
C73,23.29,-7.85,bottom,180,C_0402_1005Metric,100n
C75,26.05,-0.1,bottom,0,C_0402_1005Metric,100n
C76,24.41,-2.44,bottom,90,C_0402_1005Metric,100n
C77,26.11,7.2,bottom,0,C_0402_1005Metric,100n
C79,26.05,-1.04,bottom,0,C_0402_1005Metric,1n
C80,23.46,-2.41,bottom,90,C_0402_1005Metric,1n
C81,24.24,8.07,bottom,180,C_0402_1005Metric,1n
C82,18.8,-2.66,bottom,-90,C_0402_1005Metric,100n
C83,22.52,2.48,bottom,90,C_0402_1005Metric,100n
D1,-16.4925,-3.16,bottom,180,D_SOD-323_HandSoldering,3V6
D6,0.1975,-11.72,bottom,180,D_SOD-523,1N914WT
D7,12.89,-9.25,bottom,0,D_SOD-523,1N914WT
D8,0.38,-9.35,bottom,0,D_SOD-523,1N914WT
D9,12.8475,-10.65,bottom,180,D_SOD-523,1N914WT
D10,0.65,-5.98,bottom,90,D_SOD-523,1N914WT
D11,12.015,-12.725,bottom,90,D_SOD-523,1N914WT
D12,1.24,-7.94,bottom,0,D_SOD-523,1N914WT
D13,13.49,-13.55,bottom,-90,D_SOD-523,1N914WT
FB1,-12.93,0.98,bottom,0,L_0805_2012Metric,100R@100MHz
IC3,24.98,2.29,bottom,0,SOT95P237X95-3N,LM4040AIM3-2.0_NOPB
IC4,21.185,-2.372,bottom,-90,SOP65P490X110-8N,LTC2622IMS8#PBF
J8,27.87,-5.28,bottom,0,BM04BACHSSAGANTFLFSN,BM04B-ACHSS-A-GAN-TF(LF)(SN)
L1,-22.3625,-0.08,bottom,180,L_0805_2012Metric,2.2uH
L2,-15.27,-0.72,bottom,0,L_0805_2012Metric,2.2uH
R1,10.86,-7.25,bottom,180,R_0402_1005Metric,549R
R2,24.81,6.2,bottom,180,R_0402_1005Metric,100R
R6,-20.33,1.7,bottom,90,R_0402_1005Metric,255k
R7,-20.82,3.15,bottom,180,R_0402_1005Metric,301k
R8,-16.13,1.65,bottom,90,R_0402_1005Metric,887k
R9,-15.64,3.1,bottom,0,R_0402_1005Metric,280k
R10,-13.07,6.39,bottom,-90,R_0402_1005Metric,453k
R11,-12.08,5.35,bottom,-90,R_0402_1005Metric,100k
R20,2.43,-11.61,bottom,180,R_0402_1005Metric,1k
R22,0.6,-10.52,bottom,0,R_0402_1005Metric,15k
R24,5.93325,-9.29,bottom,0,R_0402_1005Metric,5.1k
R25,18.51,-10.27,bottom,-90,R_0402_1005Metric,5.1k
R26,7.79,-9.29,bottom,0,R_0402_1005Metric,5.1k
R29,19.45,-10.27,bottom,90,R_0402_1005Metric,5.1k
R32,1.88,-6.31,bottom,-90,R_0402_1005Metric,1k
R34,3.4,-8.78,bottom,90,R_0402_1005Metric,15k
R36,-6.67,-9.34,bottom,0,R_0402_1005Metric,5.1k
R37,-4.81,-9.34,bottom,0,R_0402_1005Metric,5.1k
R38,-7.42,-1.66,bottom,-90,R_0402_1005Metric,4.7k
R39,-5.78,-3.47,bottom,90,R_0402_1005Metric,4.7k
R40,-1.65,-7.5,bottom,0,R_0402_1005Metric,4.7k
R41,-11.675,-10.975,bottom,180,R_0402_1005Metric,4.7k
R43,-6,0.25,bottom,90,R_0402_1005Metric,4.7k
R44,-9.27,-0.23,bottom,180,R_0402_1005Metric,10k
R45,-7.41,-0.24,bottom,180,R_0402_1005Metric,10k
R46,-4.74,0.53,bottom,90,R_0402_1005Metric,10k
R47,-10.13,-2.14,bottom,90,R_0402_1005Metric,10k
R48,-4.52,-0.87,bottom,180,R_0402_1005Metric,15k
R49,-3.11,-1.73,bottom,90,R_0402_1005Metric,15k
R50,-8.36,-1.67,bottom,-90,R_0402_1005Metric,15k
R58,23.95,-3.83,bottom,180,R_0402_1005Metric,1k3
U10,-4.9775,-11.3375,bottom,90,Texas_DRT-3,TPD2EUSB30A
C11,-20.25,7.45,top,180,C_0603_1608Metric,22u
C12,-18.67,3.77,top,-90,C_0402_1005Metric,5n6
C13,-20.91,-1.53,top,0,C_0603_1608Metric,22u
C18,-17.7,3.74,top,90,C_0402_1005Metric,2n7
C19,-15.315,-1.68,top,0,C_0603_1608Metric,22u
C33,-20.87,5.71,top,180,C_0603_1608Metric,22u
C34,-18.035,6.73,top,-90,C_0603_1608Metric,10u
C36,-16.5,-7.6,top,180,C_0402_1005Metric,22n
C37,-16.5,-6.68,top,180,C_0402_1005Metric,22n
C38,-18.43,-6.25,top,-90,C_0402_1005Metric,22n
C39,-19.35,-6.25,top,-90,C_0402_1005Metric,22n
C40,-20.27,-6.25,top,-90,C_0402_1005Metric,22n
C41,-21.19,-6.25,top,-90,C_0402_1005Metric,22n
C42,-22.11,-6.25,top,-90,C_0402_1005Metric,22n
C43,-23.03,-6.25,top,-90,C_0402_1005Metric,22n
C59,26.61,7.12,top,90,C_0402_1005Metric,39p
C60,26.66,3.02,top,90,C_0402_1005Metric,39p
C61,21.62,-0.54,top,-90,C_0402_1005Metric,100n
C62,21.27,-5.33,top,0,C_0603_1608Metric,10u
C63,21.12,0.83,top,0,C_0402_1005Metric,100n
C64,19.12,0.97,top,0,C_0402_1005Metric,100n
C65,17.98,-5.1,top,180,C_0402_1005Metric,1u
C71,12.75,-8.76,top,180,C_0402_1005Metric,100n
C78,23.98,-4.61,top,0,C_0402_1005Metric,1p3
C84,23.96,0.25,top,0,C_0402_1005Metric,1p3
D14,-13.7375,-8.38,top,0,LED_0603_1608Metric,RED
FB2,19.81,-3.87,top,180,L_0603_1608Metric,1k@100MHz
IC1,13.1,0.57,top,-90,BGA54C80P9X9_800X800X120,IS42S16160J-6BLI-TR
IC5,23.62,-2.165,top,90,LTC6409IUDBTRPBF,LTC6409IUDB#TRPBF
IC6,21.69,4.78,top,90,QFN50P500X500X100-33N-D,ADS6122IRHBT
J1,-25.875,9.975,top,90,PinHeader_2x20_P2.54mm_Vertical,Conn_02x20_Counter_Clockwise
J2,-21.6,-9.6,top,0,XKB Connection A71-05H4-111N1,GPDI_C_1.3
J3,6.49,-13,top,0,USB_C_Receptacle_GCT_USB4105-xx-A_16P_TopMnt_Horizontal,USB_C_Receptacle_USB2.0_14P
J4,18.99,-13,top,0,USB_C_Receptacle_GCT_USB4105-xx-A_16P_TopMnt_Horizontal,USB_C_Receptacle_USB2.0_14P
J5,-6,-13,top,0,USB_C_Receptacle_GCT_USB4105-xx-A_16P_TopMnt_Horizontal,USB_C_Receptacle_USB2.0_14P
J6,-31.46,2.2,top,-90,microSD_HC_SOFNG_TF-008,Micro_SD_Card_Det2
J7,29.04,-0.14,top,-90,SAMTEC_RSP-122811-01,RSP-122811-01
L3,-16.455,6.46,top,90,L_0805_2012Metric,2.2uH
LED1,13.05,-7.24,top,0,INPI15TAT5R5G5B,IN-PI15TAT5R5G5B
LED2,16.105,-7.24,top,0,INPI15TAT5R5G5B,IN-PI15TAT5R5G5B
LED3,19.165,-7.24,top,0,INPI15TAT5R5G5B,IN-PI15TAT5R5G5B
LED4,22.225,-7.24,top,0,INPI15TAT5R5G5B,IN-PI15TAT5R5G5B
LED5,25.29,-7.24,top,0,INPI15TAT5R5G5B,IN-PI15TAT5R5G5B
R3,26.19,5.34,top,180,R_0402_1005Metric,10R
R4,26.19,4.4,top,180,R_0402_1005Metric,10R
R5,25.68,7.1,top,90,R_0402_1005Metric,33R2
R12,-23.96,-6.25,top,90,R_0402_1005Metric,470R
R13,-25.175,-6.25,top,90,R_0402_1005Metric,10k
R14,-26.125,-6.25,top,90,R_0402_1005Metric,470R
R15,-28.36,-4.49,top,180,R_0402_1005Metric,100k
R16,-28.96,-7.95,top,180,R_0402_1005Metric,4.7k
R17,-27.1,-7.95,top,0,R_0402_1005Metric,4.7k
R18,-32.75,-7.65,top,0,R_0402_1005Metric,3.3k
R19,-32.75,-6.69,top,0,R_0402_1005Metric,3.3k
R21,12.74,-9.885,top,0,R_0402_1005Metric,1k
R23,12.74,-10.825,top,0,R_0402_1005Metric,15k
R27,0.82,-9.94,top,-90,R_0201_0603Metric,27R
R28,0.465,-12.59,top,0,R_0201_0603Metric,27R
R30,0.12,-9.94,top,-90,R_0201_0603Metric,27R
R31,0.47,-13.29,top,0,R_0201_0603Metric,27R
R33,12.74,-13.37,top,0,R_0402_1005Metric,1k
R35,12.74,-14.35,top,0,R_0402_1005Metric,15k
R42,-11.79,-8.4,top,90,R_0402_1005Metric,1k
R51,25.72,2.71,top,90,R_0402_1005Metric,33R2
R52,25.76,1.22,top,180,R_0402_1005Metric,150R
R53,-19.63,3.74,top,-90,R_0402_1005Metric,4M7
R54,-16.72,3.73,top,-90,R_0402_1005Metric,4M7
R55,-15.76,3.74,top,-90,R_0402_1005Metric,100k
R57,25.8,0.26,top,0,R_0402_1005Metric,150R
R59,26.27,-1.15,top,-90,R_0402_1005Metric,66R5
R60,24,-5.58,top,0,R_0402_1005Metric,150R
R61,25.56,-4.06,top,-90,R_0402_1005Metric,150R
R62,26.5,-4.07,top,90,R_0402_1005Metric,28R7
REF**,-25.418114,3.73104,top,0,GammaPi_Logo,GammaPi_Logo
SW1,28.82,5.54,top,-90,switch_button_TS-1088-AR02016,SW_Push
SW2,28.71,-5.95,top,90,switch_button_TS-1088-AR02016,SW_Push
U1,0,0,top,-90,BGA-256_14.0x14.0mm_Layout16x16_P0.8mm_Ball0.45mm_Pad0.32mm_NSMD,ECP5U-25F-CABGA256
U2,-18.1478,0.92,top,0,DFN-10_DD,LTC3407AEDD-2_PBF
U3,-13.55,6.5,top,0,SOT-23-5,TLV62569DBV
U6,-29.52,-6.225,top,0,VSSOP-8_2.3x2mm_P0.5mm,PCA9306DC1
U7,0.4575,-11.4325,top,90,Texas_DRT-3,TPD2EUSB30A
U8,12.74,-12.1,top,90,Texas_DRT-3,TPD2EUSB30A
U9,-13.32,-11.93,top,90,QFN-20-1EP_4x4mm_P0.5mm_EP2.5x2.5mm,FT231XQ
U12,-10.91,0.15,top,-90,SOIC-8_5.3x5.3mm_P1.27mm,W25Q128JVS
Y1,-9.75,6.7,top,0,Oscillator_SMD_SiT_PQFN-4Pin_2.5x2.0mm,SG-8018CG 50.000000MHz
Y2,19.66,-1.39,top,90,Oscillator_SMD_SiT_PQFN-4Pin_2.5x2.0mm,SG-8018CG 50.000000MHz
